[{"model": "posts.post", "pk": 1, "fields": {"titulo": "aliquet vel, vulputate eu, odio. Phasellus at", "autor": 1, "data_publicacao": "2022-08-24T20:37:13Z", "conteudo": "malesuada vel, venenatis vel, faucibus id, libero. Donec consectetuer mauris id sapien. Cras dolor dolor, tempus non, lacinia at, iaculis quis, pede. Praesent eu dui. Cum sociis natoque penatibus", "excerto": "primis in faucibus orci luctus et ultrices posuere cubilia Curae Phasellus ornare. Fusce mollis. Duis sit amet diam eu", "categoria": 2, "imagem": "post_img/2021/11/27/Peixe.jpeg", "publicado": true}}, {"model": "posts.post", "pk": 2, "fields": {"titulo": "congue. In scelerisque scelerisque dui. Suspendisse ac", "autor": 1, "data_publicacao": "2021-11-29T15:12:18Z", "conteudo": "et, rutrum non, hendrerit id, ante. Nunc mauris sapien, cursus in, hendrerit consectetuer, cursus et, magna. Praesent interdum ligula", "excerto": "Aliquam tincidunt, nunc ac mattis ornare, lectus ante dictum mi, ac mattis velit justo nec ante. Maecenas mi felis, adipiscing", "categoria": 2, "imagem": "post_img/2021/11/27/Chicken-Little.jpg", "publicado": true}}, {"model": "posts.post", "pk": 3, "fields": {"titulo": "Curabitur egestas nunc sed libero. Proin sed", "autor": 1, "data_publicacao": "2021-04-18T13:48:56Z", "conteudo": "aptent taciti sociosqu ad litora torquent per conubia nostra, per inceptos hymenaeos. Mauris ut quam vel sapien imperdiet ornare. In faucibus. Morbi vehicula. Pellentesque tincidunt tempus", "excerto": "tempor, est ac mattis semper, dui lectus rutrum urna, nec luctus felis purus ac tellus. Suspendisse sed", "categoria": 4, "imagem": "post_img/2021/11/27/A_Vida.jpg", "publicado": true}}, {"model": "posts.post", "pk": 4, "fields": {"titulo": "arcu. Curabitur ut odio vel est tempor", "autor": 1, "data_publicacao": "2021-10-24T07:16:29Z", "conteudo": "vitae diam. Proin dolor. Nulla semper tellus id nunc interdum feugiat. Sed nec metus facilisis lorem tristique aliquet. Phasellus fermentum convallis", "excerto": "Morbi metus. Vivamus euismod urna. Nullam lobortis quam a felis ullamcorper viverra. Maecenas iaculis aliquet diam. Sed diam lorem, auctor quis, tristique ac, eleifend vitae, erat. Vivamus nisi.", "categoria": 4, "imagem": "post_img/2021/11/27/Abusado.png", "publicado": true}}, {"model": "posts.post", "pk": 5, "fields": {"titulo": "enim. Sed nulla ante, iaculis nec, eleifend", "autor": 1, "data_publicacao": "2021-10-26T01:05:17Z", "conteudo": "Proin vel arcu eu odio tristique pharetra. Quisque ac libero nec ligula consectetuer rhoncus. Nullam velit dui, semper et, lacinia vitae,", "excerto": "quis, pede. Suspendisse dui. Fusce diam nunc, ullamcorper eu, euismod ac, fermentum vel, mauris. Integer sem elit, pharetra ut, pharetra sed, hendrerit a, arcu. Sed et libero.", "categoria": 3, "imagem": "", "publicado": true}}, {"model": "posts.post", "pk": 6, "fields": {"titulo": "magna. Sed eu eros. Nam consequat dolor", "autor": 1, "data_publicacao": "2021-10-06T15:38:27Z", "conteudo": "et, euismod et, commodo at, libero. Morbi accumsan laoreet ipsum. Curabitur consequat, lectus sit amet luctus", "excerto": "risus. Donec nibh enim, gravida sit amet, dapibus id, blandit at, nisi. Cum sociis natoque penatibus et magnis dis parturient montes, nascetur ridiculus mus. Proin vel nisl.", "categoria": 2, "imagem": "", "publicado": true}}, {"model": "posts.post", "pk": 7, "fields": {"titulo": "ante. Maecenas mi felis, adipiscing fringilla, porttitor", "autor": 1, "data_publicacao": "2022-05-29T17:53:16Z", "conteudo": "pellentesque massa lobortis ultrices. Vivamus rhoncus. Donec est. Nunc ullamcorper, velit in aliquet lobortis, nisi nibh lacinia orci, consectetuer euismod est arcu ac orci. Ut semper pretium neque. Morbi", "excerto": "parturient montes, nascetur ridiculus mus. Proin vel arcu eu odio tristique pharetra. Quisque ac libero", "categoria": 3, "imagem": "", "publicado": true}}, {"model": "posts.post", "pk": 8, "fields": {"titulo": "nibh vulputate mauris sagittis placerat. Cras dictum", "autor": 1, "data_publicacao": "2021-11-25T18:36:38Z", "conteudo": "sed consequat auctor, nunc nulla vulputate dui, nec tempus mauris erat eget ipsum. Suspendisse sagittis. Nullam vitae", "excerto": "Praesent eu dui. Cum sociis natoque penatibus et magnis dis parturient montes, nascetur ridiculus mus. Aenean eget magna. Suspendisse tristique", "categoria": 3, "imagem": "", "publicado": true}}, {"model": "posts.post", "pk": 9, "fields": {"titulo": "nascetur ridiculus mus. Proin vel nisl. Quisque", "autor": 1, "data_publicacao": "2022-06-16T01:19:59Z", "conteudo": "nec tempus mauris erat eget ipsum. Suspendisse sagittis. Nullam vitae diam. Proin dolor. Nulla semper tellus id nunc interdum feugiat. Sed", "excerto": "Aliquam adipiscing lobortis risus. In mi pede, nonummy ut, molestie in, tempus eu, ligula. Aenean euismod mauris", "categoria": 3, "imagem": "", "publicado": true}}, {"model": "posts.post", "pk": 10, "fields": {"titulo": "arcu. Vestibulum ante ipsum primis in faucibus", "autor": 1, "data_publicacao": "2022-08-14T02:53:13Z", "conteudo": "Phasellus elit pede, malesuada vel, venenatis vel, faucibus id, libero. Donec consectetuer mauris id sapien. Cras dolor dolor, tempus", "excerto": "magnis dis parturient montes, nascetur ridiculus mus. Proin vel nisl. Quisque fringilla euismod enim. Etiam gravida molestie arcu. Sed eu nibh vulputate mauris sagittis placerat. Cras dictum ultricies ligula.", "categoria": 1, "imagem": "", "publicado": true}}, {"model": "posts.post", "pk": 11, "fields": {"titulo": "eu dolor egestas rhoncus. Proin nisl sem,", "autor": 1, "data_publicacao": "2021-03-18T08:46:47Z", "conteudo": "turpis nec mauris blandit mattis. Cras eget nisi dictum augue malesuada malesuada. Integer id magna et ipsum cursus", "excerto": "lacus. Mauris non dui nec urna suscipit nonummy. Fusce fermentum fermentum arcu. Vestibulum ante ipsum primis in faucibus orci luctus et ultrices posuere cubilia Curae Phasellus ornare. Fusce mollis. Duis", "categoria": 2, "imagem": "", "publicado": true}}, {"model": "posts.post", "pk": 12, "fields": {"titulo": "Nam tempor diam dictum sapien. Aenean massa.", "autor": 1, "data_publicacao": "2022-01-19T15:18:14Z", "conteudo": "mi fringilla mi lacinia mattis. Integer eu lacus. Quisque imperdiet, erat nonummy ultricies ornare, elit elit fermentum risus, at fringilla purus mauris a nunc.", "excerto": "mauris id sapien. Cras dolor dolor, tempus non, lacinia at, iaculis quis, pede. Praesent eu dui. Cum sociis natoque penatibus et magnis dis parturient montes, nascetur ridiculus mus. Aenean", "categoria": 2, "imagem": "", "publicado": true}}, {"model": "posts.post", "pk": 13, "fields": {"titulo": "nec, imperdiet nec, leo. Morbi neque tellus,", "autor": 1, "data_publicacao": "2022-08-13T13:35:00Z", "conteudo": "dignissim pharetra. Nam ac nulla. In tincidunt congue turpis. In condimentum. Donec at arcu. Vestibulum ante ipsum primis", "excerto": "pharetra sed, hendrerit a, arcu. Sed et libero. Proin mi. Aliquam gravida mauris ut mi. Duis", "categoria": 3, "imagem": "", "publicado": true}}, {"model": "posts.post", "pk": 14, "fields": {"titulo": "vel sapien imperdiet ornare. In faucibus. Morbi", "autor": 1, "data_publicacao": "2021-06-24T18:57:31Z", "conteudo": "velit. Aliquam nisl. Nulla eu neque pellentesque massa lobortis ultrices. Vivamus rhoncus. Donec est. Nunc ullamcorper, velit", "excerto": "ante. Maecenas mi felis, adipiscing fringilla, porttitor vulputate, posuere vulputate, lacus. Cras interdum. Nunc sollicitudin commodo ipsum. Suspendisse non leo. Vivamus nibh dolor, nonummy ac, feugiat non, lobortis quis,", "categoria": 3, "imagem": "", "publicado": true}}, {"model": "posts.post", "pk": 15, "fields": {"titulo": "enim. Sed nulla ante, iaculis nec, eleifend", "autor": 1, "data_publicacao": "2022-11-04T09:23:26Z", "conteudo": "mus. Proin vel nisl. Quisque fringilla euismod enim. Etiam gravida molestie arcu. Sed eu nibh vulputate mauris sagittis placerat. Cras", "excerto": "id risus quis diam luctus lobortis. Class aptent taciti sociosqu ad litora torquent per conubia nostra, per inceptos hymenaeos. Mauris ut quam vel sapien", "categoria": 2, "imagem": "", "publicado": true}}, {"model": "posts.post", "pk": 16, "fields": {"titulo": "at lacus. Quisque purus sapien, gravida non,", "autor": 1, "data_publicacao": "2022-02-08T21:01:15Z", "conteudo": "orci. Donec nibh. Quisque nonummy ipsum non arcu. Vivamus sit amet risus. Donec egestas. Aliquam nec enim. Nunc ut erat. Sed nunc est, mollis non, cursus non, egestas", "excerto": "odio sagittis semper. Nam tempor diam dictum sapien. Aenean massa. Integer vitae nibh. Donec est mauris, rhoncus id, mollis nec,", "categoria": 3, "imagem": "", "publicado": true}}, {"model": "posts.post", "pk": 17, "fields": {"titulo": "Donec tincidunt. Donec vitae erat vel pede", "autor": 1, "data_publicacao": "2022-08-11T10:15:20Z", "conteudo": "amet ultricies sem magna nec quam. Curabitur vel lectus. Cum sociis natoque penatibus et magnis dis", "excerto": "semper pretium neque. Morbi quis urna. Nunc quis arcu vel quam dignissim pharetra. Nam ac nulla. In tincidunt congue turpis. In condimentum. Donec at arcu.", "categoria": 2, "imagem": "", "publicado": true}}, {"model": "posts.post", "pk": 18, "fields": {"titulo": "Cras lorem lorem, luctus ut, pellentesque eget,", "autor": 1, "data_publicacao": "2022-11-12T07:35:08Z", "conteudo": "posuere cubilia Curae Donec tincidunt. Donec vitae erat vel pede blandit congue. In scelerisque scelerisque dui. Suspendisse ac metus vitae velit egestas lacinia. Sed congue, elit sed consequat auctor, nunc", "excerto": "ultricies ornare, elit elit fermentum risus, at fringilla purus mauris a nunc. In at pede. Cras vulputate velit eu sem. Pellentesque", "categoria": 2, "imagem": "", "publicado": true}}, {"model": "posts.post", "pk": 19, "fields": {"titulo": "eget, ipsum. Donec sollicitudin adipiscing ligula. Aenean", "autor": 1, "data_publicacao": "2021-09-12T09:17:15Z", "conteudo": "neque. Nullam nisl. Maecenas malesuada fringilla est. Mauris eu turpis. Nulla aliquet. Proin velit. Sed malesuada augue ut lacus. Nulla tincidunt, neque vitae semper egestas,", "excerto": "Quisque varius. Nam porttitor scelerisque neque. Nullam nisl. Maecenas malesuada fringilla est. Mauris eu turpis. Nulla aliquet. Proin velit. Sed malesuada augue ut", "categoria": 4, "imagem": "", "publicado": true}}, {"model": "posts.post", "pk": 20, "fields": {"titulo": "sodales at, velit. Pellentesque ultricies dignissim lacus.", "autor": 1, "data_publicacao": "2021-12-18T22:30:29Z", "conteudo": "non, lobortis quis, pede. Suspendisse dui. Fusce diam nunc, ullamcorper eu, euismod ac, fermentum vel, mauris. Integer sem elit, pharetra ut, pharetra sed,", "excerto": "gravida nunc sed pede. Cum sociis natoque penatibus et magnis dis parturient montes, nascetur ridiculus mus. Proin vel arcu", "categoria": 2, "imagem": "", "publicado": true}}, {"model": "posts.post", "pk": 21, "fields": {"titulo": "Nunca Saberemos se Deu Certo", "autor": 1, "data_publicacao": "2021-11-28T21:56:22Z", "conteudo": "<p>Este Conteúdo é apenas demonstrativo<br></p>", "excerto": "Este Conteúdo é apenas demonstrativo", "categoria": 1, "imagem": "post_img/2021/11/28/Chicken-Little.jpg", "publicado": true}}, {"model": "categorias.categoria", "pk": 1, "fields": {"nome_cat": "Python"}}, {"model": "categorias.categoria", "pk": 2, "fields": {"nome_cat": "Tecnologia"}}, {"model": "categorias.categoria", "pk": 3, "fields": {"nome_cat": "Django"}}, {"model": "categorias.categoria", "pk": 4, "fields": {"nome_cat": "Sistemas"}}, {"model": "comentarios.comentario", "pk": 1, "fields": {"nome_comentario": "Keane Bowers", "email_comentario": "vestibulum@hotmail.couk", "comentario": "Quisque nonummy ipsum non arcu. Vivamus sit amet risus. Donec egestas. Aliquam nec enim. Nunc ut erat. Sed", "post_comentario": 13, "usuario_comentario": 1, "data_comentario": "2021-01-01T08:44:03Z", "publicado_comentario": true}}, {"model": "comentarios.comentario", "pk": 2, "fields": {"nome_comentario": "Caldwell Lane", "email_comentario": "vulputate.posuere.vulputate@google.couk", "comentario": "sociosqu ad litora torquent per conubia nostra, per inceptos hymenaeos. Mauris ut quam vel sapien imperdiet ornare.", "post_comentario": 3, "usuario_comentario": 1, "data_comentario": "2022-04-03T07:06:32Z", "publicado_comentario": false}}, {"model": "comentarios.comentario", "pk": 3, "fields": {"nome_comentario": "Kadeem Dale", "email_comentario": "lacus.quisque.imperdiet@icloud.couk", "comentario": "odio tristique pharetra. Quisque ac libero nec ligula consectetuer rhoncus. Nullam velit dui, semper et, lacinia vitae, sodales at, velit. Pellentesque ultricies dignissim lacus.", "post_comentario": 6, "usuario_comentario": 1, "data_comentario": "2022-05-29T12:34:11Z", "publicado_comentario": true}}, {"model": "comentarios.comentario", "pk": 4, "fields": {"nome_comentario": "Ignacia Smith", "email_comentario": "a.enim@aol.ca", "comentario": "varius et, euismod et, commodo at, libero. Morbi accumsan laoreet ipsum. Curabitur consequat, lectus sit amet luctus vulputate, nisi sem semper erat, in consectetuer ipsum nunc id", "post_comentario": 10, "usuario_comentario": 1, "data_comentario": "2021-04-25T00:08:53Z", "publicado_comentario": true}}, {"model": "comentarios.comentario", "pk": 5, "fields": {"nome_comentario": "Joseph Tillman", "email_comentario": "dolor.vitae.dolor@icloud.org", "comentario": "tincidunt adipiscing. Mauris molestie pharetra nibh. Aliquam ornare, libero at auctor ullamcorper, nisl arcu iaculis enim, sit amet ornare lectus justo", "post_comentario": 10, "usuario_comentario": 1, "data_comentario": "2022-07-31T22:45:47Z", "publicado_comentario": false}}, {"model": "comentarios.comentario", "pk": 6, "fields": {"nome_comentario": "Katelyn Maddox", "email_comentario": "eleifend.cras.sed@protonmail.edu", "comentario": "lorem, eget mollis lectus pede et risus. Quisque libero lacus, varius et, euismod et, commodo at, libero. Morbi accumsan laoreet", "post_comentario": 10, "usuario_comentario": 1, "data_comentario": "2020-12-08T15:34:10Z", "publicado_comentario": false}}, {"model": "comentarios.comentario", "pk": 7, "fields": {"nome_comentario": "Ashton Jacobson", "email_comentario": "vitae@aol.couk", "comentario": "nibh vulputate mauris sagittis placerat. Cras dictum ultricies ligula. Nullam enim. Sed nulla ante, iaculis nec, eleifend non, dapibus", "post_comentario": 19, "usuario_comentario": 1, "data_comentario": "2022-01-02T02:14:44Z", "publicado_comentario": true}}, {"model": "comentarios.comentario", "pk": 8, "fields": {"nome_comentario": "Regan Black", "email_comentario": "maecenas.libero@yahoo.com", "comentario": "ut ipsum ac mi eleifend egestas. Sed pharetra, felis eget varius ultrices, mauris ipsum porta elit, a feugiat tellus lorem eu metus. In lorem.", "post_comentario": 2, "usuario_comentario": 1, "data_comentario": "2022-02-03T05:33:55Z", "publicado_comentario": false}}, {"model": "comentarios.comentario", "pk": 9, "fields": {"nome_comentario": "May Huffman", "email_comentario": "auctor.quis@yahoo.org", "comentario": "Sed dictum. Proin eget odio. Aliquam vulputate ullamcorper magna. Sed eu eros. Nam consequat dolor vitae dolor. Donec", "post_comentario": 18, "usuario_comentario": 1, "data_comentario": "2022-02-28T21:11:29Z", "publicado_comentario": true}}, {"model": "comentarios.comentario", "pk": 10, "fields": {"nome_comentario": "Jin Dennis", "email_comentario": "sed.dictum.proin@aol.ca", "comentario": "aliquet, metus urna convallis erat, eget tincidunt dui augue eu tellus. Phasellus elit pede, malesuada vel, venenatis vel, faucibus id, libero.", "post_comentario": 3, "usuario_comentario": 1, "data_comentario": "2022-10-30T03:55:41Z", "publicado_comentario": false}}, {"model": "comentarios.comentario", "pk": 11, "fields": {"nome_comentario": "Christen Potter", "email_comentario": "maecenas@hotmail.couk", "comentario": "venenatis lacus. Etiam bibendum fermentum metus. Aenean sed pede nec ante blandit viverra. Donec tempus, lorem fringilla ornare placerat, orci lacus vestibulum lorem,", "post_comentario": 16, "usuario_comentario": 1, "data_comentario": "2021-03-25T10:06:47Z", "publicado_comentario": false}}, {"model": "comentarios.comentario", "pk": 12, "fields": {"nome_comentario": "Shelly Fuentes", "email_comentario": "nibh.enim@hotmail.ca", "comentario": "nunc id enim. Curabitur massa. Vestibulum accumsan neque et nunc. Quisque ornare tortor at risus. Nunc ac sem ut dolor dapibus gravida. Aliquam tincidunt, nunc", "post_comentario": 8, "usuario_comentario": 1, "data_comentario": "2022-08-21T11:15:09Z", "publicado_comentario": true}}, {"model": "comentarios.comentario", "pk": 13, "fields": {"nome_comentario": "Stuart Valencia", "email_comentario": "lobortis.tellus.justo@icloud.couk", "comentario": "aliquet lobortis, nisi nibh lacinia orci, consectetuer euismod est arcu ac orci. Ut semper pretium neque. Morbi quis urna. Nunc quis arcu vel quam dignissim pharetra. Nam ac nulla.", "post_comentario": 10, "usuario_comentario": 1, "data_comentario": "2022-10-14T18:03:39Z", "publicado_comentario": true}}, {"model": "comentarios.comentario", "pk": 14, "fields": {"nome_comentario": "Russell Levine", "email_comentario": "elit@hotmail.edu", "comentario": "ultrices. Vivamus rhoncus. Donec est. Nunc ullamcorper, velit in aliquet lobortis, nisi nibh lacinia orci, consectetuer euismod est arcu ac orci. Ut semper", "post_comentario": 17, "usuario_comentario": 1, "data_comentario": "2021-11-26T06:22:24Z", "publicado_comentario": false}}, {"model": "comentarios.comentario", "pk": 15, "fields": {"nome_comentario": "Price Stephenson", "email_comentario": "cras.interdum@hotmail.ca", "comentario": "libero mauris, aliquam eu, accumsan sed, facilisis vitae, orci. Phasellus dapibus quam quis diam. Pellentesque habitant morbi tristique senectus", "post_comentario": 8, "usuario_comentario": 1, "data_comentario": "2021-02-20T19:31:44Z", "publicado_comentario": true}}, {"model": "comentarios.comentario", "pk": 16, "fields": {"nome_comentario": "Riley Gross", "email_comentario": "malesuada.fames@protonmail.edu", "comentario": "ipsum primis in faucibus orci luctus et ultrices posuere cubilia Curae Donec tincidunt. Donec vitae erat", "post_comentario": 5, "usuario_comentario": 1, "data_comentario": "2022-04-02T01:11:34Z", "publicado_comentario": true}}, {"model": "comentarios.comentario", "pk": 17, "fields": {"nome_comentario": "Winter Scott", "email_comentario": "convallis@icloud.org", "comentario": "sapien. Cras dolor dolor, tempus non, lacinia at, iaculis quis, pede. Praesent eu dui. Cum sociis", "post_comentario": 2, "usuario_comentario": 1, "data_comentario": "2022-08-01T01:05:06Z", "publicado_comentario": true}}, {"model": "comentarios.comentario", "pk": 18, "fields": {"nome_comentario": "Nolan Foley", "email_comentario": "ut.aliquam@yahoo.couk", "comentario": "viverra. Maecenas iaculis aliquet diam. Sed diam lorem, auctor quis, tristique ac, eleifend vitae, erat. Vivamus nisi. Mauris nulla. Integer urna. Vivamus molestie dapibus ligula. Aliquam erat", "post_comentario": 9, "usuario_comentario": 1, "data_comentario": "2022-05-20T08:18:59Z", "publicado_comentario": false}}, {"model": "comentarios.comentario", "pk": 19, "fields": {"nome_comentario": "Denton Greer", "email_comentario": "cras@yahoo.net", "comentario": "vel quam dignissim pharetra. Nam ac nulla. In tincidunt congue turpis. In condimentum. Donec at arcu. Vestibulum ante ipsum primis", "post_comentario": 7, "usuario_comentario": 1, "data_comentario": "2022-01-07T04:36:02Z", "publicado_comentario": false}}, {"model": "comentarios.comentario", "pk": 20, "fields": {"nome_comentario": "Kennedy Valenzuela", "email_comentario": "ut.tincidunt@outlook.edu", "comentario": "non, sollicitudin a, malesuada id, erat. Etiam vestibulum massa rutrum magna. Cras convallis convallis dolor. Quisque", "post_comentario": 15, "usuario_comentario": 1, "data_comentario": "2022-06-17T20:49:03Z", "publicado_comentario": true}}, {"model": "comentarios.comentario", "pk": 21, "fields": {"nome_comentario": "Alea Gentry", "email_comentario": "neque.vitae@yahoo.com", "comentario": "ac, feugiat non, lobortis quis, pede. Suspendisse dui. Fusce diam nunc, ullamcorper eu, euismod ac, fermentum vel, mauris. Integer sem elit, pharetra ut, pharetra", "post_comentario": 2, "usuario_comentario": 1, "data_comentario": "2021-07-31T19:34:50Z", "publicado_comentario": true}}, {"model": "comentarios.comentario", "pk": 22, "fields": {"nome_comentario": "Christine Nieves", "email_comentario": "bibendum.donec.felis@yahoo.org", "comentario": "tristique pharetra. Quisque ac libero nec ligula consectetuer rhoncus. Nullam velit dui, semper et, lacinia vitae, sodales at, velit. Pellentesque ultricies dignissim lacus.", "post_comentario": 2, "usuario_comentario": 1, "data_comentario": "2021-11-03T05:12:45Z", "publicado_comentario": true}}, {"model": "comentarios.comentario", "pk": 23, "fields": {"nome_comentario": "Mechelle Beck", "email_comentario": "molestie@aol.com", "comentario": "vel, vulputate eu, odio. Phasellus at augue id ante dictum cursus. Nunc mauris elit, dictum eu, eleifend nec, malesuada ut, sem. Nulla interdum. Curabitur dictum. Phasellus in felis. Nulla", "post_comentario": 3, "usuario_comentario": 1, "data_comentario": "2021-06-11T18:18:02Z", "publicado_comentario": true}}, {"model": "comentarios.comentario", "pk": 24, "fields": {"nome_comentario": "Athena Whitney", "email_comentario": "cras.lorem@icloud.couk", "comentario": "ut, sem. Nulla interdum. Curabitur dictum. Phasellus in felis. Nulla tempor augue ac ipsum. Phasellus vitae mauris", "post_comentario": 13, "usuario_comentario": 1, "data_comentario": "2021-06-19T04:44:57Z", "publicado_comentario": false}}, {"model": "comentarios.comentario", "pk": 25, "fields": {"nome_comentario": "Victoria Mercado", "email_comentario": "amet.metus.aliquam@google.couk", "comentario": "urna. Nunc quis arcu vel quam dignissim pharetra. Nam ac nulla. In tincidunt congue turpis. In", "post_comentario": 8, "usuario_comentario": 1, "data_comentario": "2022-06-10T19:25:13Z", "publicado_comentario": true}}, {"model": "comentarios.comentario", "pk": 26, "fields": {"nome_comentario": "Jesse Melton", "email_comentario": "neque.nullam@outlook.ca", "comentario": "malesuada augue ut lacus. Nulla tincidunt, neque vitae semper egestas, urna justo faucibus lectus, a sollicitudin orci", "post_comentario": 2, "usuario_comentario": 1, "data_comentario": "2022-06-17T09:43:17Z", "publicado_comentario": true}}, {"model": "comentarios.comentario", "pk": 27, "fields": {"nome_comentario": "Yoshio Herman", "email_comentario": "tortor.integer@aol.com", "comentario": "sollicitudin commodo ipsum. Suspendisse non leo. Vivamus nibh dolor, nonummy ac, feugiat non, lobortis quis, pede. Suspendisse dui.", "post_comentario": 7, "usuario_comentario": 1, "data_comentario": "2022-01-14T08:43:00Z", "publicado_comentario": false}}, {"model": "comentarios.comentario", "pk": 28, "fields": {"nome_comentario": "Idola Rhodes", "email_comentario": "et.magna@google.edu", "comentario": "sagittis. Nullam vitae diam. Proin dolor. Nulla semper tellus id nunc interdum feugiat. Sed nec metus facilisis lorem tristique aliquet. Phasellus fermentum convallis ligula. Donec luctus aliquet", "post_comentario": 4, "usuario_comentario": 1, "data_comentario": "2021-05-26T12:06:10Z", "publicado_comentario": true}}, {"model": "comentarios.comentario", "pk": 29, "fields": {"nome_comentario": "Kermit Martinez", "email_comentario": "cum.sociis.natoque@outlook.ca", "comentario": "euismod et, commodo at, libero. Morbi accumsan laoreet ipsum. Curabitur consequat, lectus sit amet luctus vulputate, nisi sem semper erat, in consectetuer ipsum nunc id enim. Curabitur massa.", "post_comentario": 10, "usuario_comentario": 1, "data_comentario": "2022-07-06T02:58:48Z", "publicado_comentario": true}}, {"model": "comentarios.comentario", "pk": 30, "fields": {"nome_comentario": "Indira Nguyen", "email_comentario": "arcu@protonmail.net", "comentario": "per conubia nostra, per inceptos hymenaeos. Mauris ut quam vel sapien imperdiet ornare. In faucibus. Morbi vehicula.", "post_comentario": 14, "usuario_comentario": 1, "data_comentario": "2022-06-26T08:36:50Z", "publicado_comentario": false}}, {"model": "comentarios.comentario", "pk": 31, "fields": {"nome_comentario": "Talon Sosa", "email_comentario": "pede.blandit.congue@aol.org", "comentario": "consectetuer rhoncus. Nullam velit dui, semper et, lacinia vitae, sodales at, velit. Pellentesque ultricies dignissim lacus.", "post_comentario": 9, "usuario_comentario": 1, "data_comentario": "2021-07-04T15:24:25Z", "publicado_comentario": false}}, {"model": "comentarios.comentario", "pk": 32, "fields": {"nome_comentario": "Hiram Evans", "email_comentario": "eget@aol.com", "comentario": "nulla ante, iaculis nec, eleifend non, dapibus rutrum, justo. Praesent luctus. Curabitur egestas nunc sed libero. Proin sed turpis nec mauris blandit mattis. Cras", "post_comentario": 12, "usuario_comentario": 1, "data_comentario": "2022-10-24T03:51:45Z", "publicado_comentario": false}}, {"model": "comentarios.comentario", "pk": 33, "fields": {"nome_comentario": "Petra Hendricks", "email_comentario": "eu@yahoo.com", "comentario": "scelerisque neque sed sem egestas blandit. Nam nulla magna, malesuada vel, convallis in, cursus et, eros. Proin ultrices. Duis", "post_comentario": 16, "usuario_comentario": 1, "data_comentario": "2022-01-18T00:41:41Z", "publicado_comentario": false}}, {"model": "comentarios.comentario", "pk": 34, "fields": {"nome_comentario": "Noble Ayala", "email_comentario": "molestie.in.tempus@hotmail.org", "comentario": "pretium neque. Morbi quis urna. Nunc quis arcu vel quam dignissim pharetra. Nam ac nulla. In tincidunt congue turpis. In condimentum.", "post_comentario": 12, "usuario_comentario": 1, "data_comentario": "2021-07-08T05:04:54Z", "publicado_comentario": true}}, {"model": "comentarios.comentario", "pk": 35, "fields": {"nome_comentario": "Cole Flowers", "email_comentario": "phasellus@icloud.edu", "comentario": "ligula eu enim. Etiam imperdiet dictum magna. Ut tincidunt orci quis lectus. Nullam suscipit, est ac facilisis facilisis, magna tellus faucibus leo, in lobortis tellus justo", "post_comentario": 3, "usuario_comentario": 1, "data_comentario": "2022-04-11T05:16:50Z", "publicado_comentario": true}}, {"model": "comentarios.comentario", "pk": 36, "fields": {"nome_comentario": "Drew Reilly", "email_comentario": "aliquam.gravida@aol.couk", "comentario": "Aenean eget magna. Suspendisse tristique neque venenatis lacus. Etiam bibendum fermentum metus. Aenean sed pede nec ante blandit viverra. Donec tempus, lorem fringilla", "post_comentario": 12, "usuario_comentario": 1, "data_comentario": "2021-04-30T21:30:54Z", "publicado_comentario": false}}, {"model": "comentarios.comentario", "pk": 37, "fields": {"nome_comentario": "Dominic Haley", "email_comentario": "semper.egestas@yahoo.com", "comentario": "neque. Nullam nisl. Maecenas malesuada fringilla est. Mauris eu turpis. Nulla aliquet. Proin velit. Sed malesuada augue ut lacus. Nulla tincidunt, neque", "post_comentario": 18, "usuario_comentario": 1, "data_comentario": "2021-01-25T01:05:43Z", "publicado_comentario": false}}, {"model": "comentarios.comentario", "pk": 38, "fields": {"nome_comentario": "Shafira Foley", "email_comentario": "quisque@protonmail.com", "comentario": "erat eget ipsum. Suspendisse sagittis. Nullam vitae diam. Proin dolor. Nulla semper tellus id nunc interdum", "post_comentario": 13, "usuario_comentario": 1, "data_comentario": "2021-10-17T17:58:29Z", "publicado_comentario": true}}, {"model": "comentarios.comentario", "pk": 39, "fields": {"nome_comentario": "Emily Snider", "email_comentario": "class.aptent@google.net", "comentario": "pretium neque. Morbi quis urna. Nunc quis arcu vel quam dignissim pharetra. Nam ac nulla. In tincidunt congue turpis. In condimentum.", "post_comentario": 17, "usuario_comentario": 1, "data_comentario": "2022-11-19T14:12:30Z", "publicado_comentario": true}}, {"model": "comentarios.comentario", "pk": 40, "fields": {"nome_comentario": "Anika Serrano", "email_comentario": "dapibus.quam.quis@hotmail.com", "comentario": "Donec tempor, est ac mattis semper, dui lectus rutrum urna, nec luctus felis purus ac tellus. Suspendisse sed dolor. Fusce mi lorem, vehicula et, rutrum eu,", "post_comentario": 1, "usuario_comentario": 1, "data_comentario": "2022-03-17T14:49:49Z", "publicado_comentario": false}}, {"model": "comentarios.comentario", "pk": 41, "fields": {"nome_comentario": "Kasper Everett", "email_comentario": "ipsum.primis@protonmail.edu", "comentario": "mauris blandit mattis. Cras eget nisi dictum augue malesuada malesuada. Integer id magna et ipsum cursus vestibulum. Mauris magna. Duis dignissim tempor", "post_comentario": 19, "usuario_comentario": 1, "data_comentario": "2021-05-16T12:02:15Z", "publicado_comentario": false}}, {"model": "comentarios.comentario", "pk": 42, "fields": {"nome_comentario": "Sarah Rice", "email_comentario": "imperdiet.nec@outlook.com", "comentario": "enim. Mauris quis turpis vitae purus gravida sagittis. Duis gravida. Praesent eu nulla at sem molestie sodales. Mauris blandit", "post_comentario": 7, "usuario_comentario": 1, "data_comentario": "2021-10-04T18:59:17Z", "publicado_comentario": true}}, {"model": "comentarios.comentario", "pk": 43, "fields": {"nome_comentario": "Ginger Coleman", "email_comentario": "sem.consequat.nec@google.edu", "comentario": "nisl arcu iaculis enim, sit amet ornare lectus justo eu arcu. Morbi sit amet massa. Quisque porttitor eros nec tellus. Nunc lectus pede, ultrices a,", "post_comentario": 8, "usuario_comentario": 1, "data_comentario": "2022-04-24T19:17:01Z", "publicado_comentario": false}}, {"model": "comentarios.comentario", "pk": 44, "fields": {"nome_comentario": "Molly Donaldson", "email_comentario": "sed.auctor@google.org", "comentario": "posuere at, velit. Cras lorem lorem, luctus ut, pellentesque eget, dictum placerat, augue. Sed molestie. Sed id risus quis diam luctus lobortis. Class", "post_comentario": 17, "usuario_comentario": 1, "data_comentario": "2021-06-05T19:59:54Z", "publicado_comentario": true}}, {"model": "comentarios.comentario", "pk": 45, "fields": {"nome_comentario": "Maggy Phillips", "email_comentario": "auctor.velit.aliquam@google.couk", "comentario": "Class aptent taciti sociosqu ad litora torquent per conubia nostra, per inceptos hymenaeos. Mauris ut quam vel sapien imperdiet ornare. In faucibus. Morbi vehicula. Pellentesque", "post_comentario": 8, "usuario_comentario": 1, "data_comentario": "2021-07-15T07:52:17Z", "publicado_comentario": false}}, {"model": "comentarios.comentario", "pk": 46, "fields": {"nome_comentario": "Rina Parrish", "email_comentario": "lacinia@google.org", "comentario": "egestas. Sed pharetra, felis eget varius ultrices, mauris ipsum porta elit, a feugiat tellus lorem eu metus. In lorem. Donec elementum, lorem ut aliquam iaculis, lacus pede", "post_comentario": 9, "usuario_comentario": 1, "data_comentario": "2021-10-04T15:35:27Z", "publicado_comentario": true}}, {"model": "comentarios.comentario", "pk": 47, "fields": {"nome_comentario": "Rebekah Blair", "email_comentario": "nulla.integer@hotmail.net", "comentario": "dapibus gravida. Aliquam tincidunt, nunc ac mattis ornare, lectus ante dictum mi, ac mattis velit justo nec ante. Maecenas mi", "post_comentario": 12, "usuario_comentario": 1, "data_comentario": "2022-01-21T11:03:43Z", "publicado_comentario": true}}, {"model": "comentarios.comentario", "pk": 48, "fields": {"nome_comentario": "Cullen Mcgee", "email_comentario": "enim.nunc@outlook.couk", "comentario": "Mauris quis turpis vitae purus gravida sagittis. Duis gravida. Praesent eu nulla at sem molestie sodales. Mauris blandit enim", "post_comentario": 18, "usuario_comentario": 1, "data_comentario": "2020-12-15T17:05:40Z", "publicado_comentario": true}}, {"model": "comentarios.comentario", "pk": 49, "fields": {"nome_comentario": "Rosalyn Mcfadden", "email_comentario": "ipsum.primis@aol.net", "comentario": "Integer id magna et ipsum cursus vestibulum. Mauris magna. Duis dignissim tempor arcu. Vestibulum ut eros non enim commodo hendrerit. Donec porttitor tellus non magna. Nam ligula elit, pretium et,", "post_comentario": 17, "usuario_comentario": 1, "data_comentario": "2022-11-02T04:13:41Z", "publicado_comentario": false}}, {"model": "comentarios.comentario", "pk": 50, "fields": {"nome_comentario": "Jin Marks", "email_comentario": "elit.pellentesque.a@protonmail.edu", "comentario": "neque. In ornare sagittis felis. Donec tempor, est ac mattis semper, dui lectus rutrum urna, nec luctus felis purus ac tellus. Suspendisse", "post_comentario": 2, "usuario_comentario": 1, "data_comentario": "2021-01-07T14:04:20Z", "publicado_comentario": false}}, {"model": "comentarios.comentario", "pk": 51, "fields": {"nome_comentario": "Kamal Patrick", "email_comentario": "morbi@outlook.net", "comentario": "habitant morbi tristique senectus et netus et malesuada fames ac turpis egestas. Aliquam fringilla cursus purus. Nullam scelerisque neque sed sem egestas blandit. Nam nulla magna, malesuada vel, convallis", "post_comentario": 5, "usuario_comentario": 1, "data_comentario": "2020-12-21T20:17:28Z", "publicado_comentario": false}}, {"model": "comentarios.comentario", "pk": 52, "fields": {"nome_comentario": "Savannah Jones", "email_comentario": "phasellus.ornare@yahoo.ca", "comentario": "vel, vulputate eu, odio. Phasellus at augue id ante dictum cursus. Nunc mauris elit, dictum eu, eleifend nec, malesuada ut, sem. Nulla interdum. Curabitur dictum. Phasellus", "post_comentario": 10, "usuario_comentario": 1, "data_comentario": "2021-12-19T02:43:16Z", "publicado_comentario": true}}, {"model": "comentarios.comentario", "pk": 53, "fields": {"nome_comentario": "Summer Kline", "email_comentario": "nullam.velit@google.com", "comentario": "vehicula et, rutrum eu, ultrices sit amet, risus. Donec nibh enim, gravida sit amet, dapibus id, blandit at, nisi. Cum sociis natoque penatibus et magnis dis", "post_comentario": 4, "usuario_comentario": 1, "data_comentario": "2022-03-01T10:54:19Z", "publicado_comentario": true}}, {"model": "comentarios.comentario", "pk": 54, "fields": {"nome_comentario": "Len Potts", "email_comentario": "in.molestie@icloud.ca", "comentario": "sapien. Aenean massa. Integer vitae nibh. Donec est mauris, rhoncus id, mollis nec, cursus a, enim. Suspendisse aliquet, sem ut cursus luctus, ipsum leo elementum", "post_comentario": 5, "usuario_comentario": 1, "data_comentario": "2021-07-17T19:12:15Z", "publicado_comentario": true}}, {"model": "comentarios.comentario", "pk": 55, "fields": {"nome_comentario": "Avye Clay", "email_comentario": "mi.duis.risus@google.org", "comentario": "arcu. Vestibulum ante ipsum primis in faucibus orci luctus et ultrices posuere cubilia Curae Donec tincidunt. Donec vitae erat vel pede blandit congue. In scelerisque scelerisque dui. Suspendisse", "post_comentario": 18, "usuario_comentario": 1, "data_comentario": "2022-04-07T15:24:35Z", "publicado_comentario": true}}, {"model": "comentarios.comentario", "pk": 56, "fields": {"nome_comentario": "September Velez", "email_comentario": "sed@icloud.edu", "comentario": "neque non quam. Pellentesque habitant morbi tristique senectus et netus et malesuada fames ac turpis egestas.", "post_comentario": 16, "usuario_comentario": 1, "data_comentario": "2022-01-06T13:07:22Z", "publicado_comentario": true}}, {"model": "comentarios.comentario", "pk": 57, "fields": {"nome_comentario": "Jonah Ballard", "email_comentario": "ad.litora@google.ca", "comentario": "Suspendisse tristique neque venenatis lacus. Etiam bibendum fermentum metus. Aenean sed pede nec ante blandit viverra. Donec tempus, lorem fringilla ornare placerat, orci", "post_comentario": 10, "usuario_comentario": 1, "data_comentario": "2022-01-02T17:00:25Z", "publicado_comentario": false}}, {"model": "comentarios.comentario", "pk": 58, "fields": {"nome_comentario": "Kay Fry", "email_comentario": "ultrices.a.auctor@hotmail.couk", "comentario": "risus a ultricies adipiscing, enim mi tempor lorem, eget mollis lectus pede et risus. Quisque libero", "post_comentario": 13, "usuario_comentario": 1, "data_comentario": "2021-10-30T10:26:58Z", "publicado_comentario": false}}, {"model": "comentarios.comentario", "pk": 59, "fields": {"nome_comentario": "Martin Underwood", "email_comentario": "diam@icloud.com", "comentario": "Integer eu lacus. Quisque imperdiet, erat nonummy ultricies ornare, elit elit fermentum risus, at fringilla purus mauris a nunc. In at pede. Cras vulputate velit eu sem. Pellentesque ut", "post_comentario": 6, "usuario_comentario": 1, "data_comentario": "2022-02-21T21:54:35Z", "publicado_comentario": false}}, {"model": "comentarios.comentario", "pk": 60, "fields": {"nome_comentario": "Adara Grant", "email_comentario": "imperdiet.non@hotmail.net", "comentario": "ut aliquam iaculis, lacus pede sagittis augue, eu tempor erat neque non quam. Pellentesque habitant morbi tristique senectus et netus et malesuada fames ac turpis egestas. Aliquam fringilla", "post_comentario": 12, "usuario_comentario": 1, "data_comentario": "2021-02-19T22:59:06Z", "publicado_comentario": true}}, {"model": "comentarios.comentario", "pk": 61, "fields": {"nome_comentario": "Lars Mclaughlin", "email_comentario": "ornare@google.com", "comentario": "facilisis vitae, orci. Phasellus dapibus quam quis diam. Pellentesque habitant morbi tristique senectus et netus et malesuada fames ac turpis egestas. Fusce aliquet magna", "post_comentario": 13, "usuario_comentario": 1, "data_comentario": "2021-12-08T18:58:23Z", "publicado_comentario": true}}, {"model": "comentarios.comentario", "pk": 62, "fields": {"nome_comentario": "Peter Middleton", "email_comentario": "rutrum.lorem.ac@aol.ca", "comentario": "ligula. Aenean gravida nunc sed pede. Cum sociis natoque penatibus et magnis dis parturient montes, nascetur ridiculus mus. Proin vel arcu eu odio tristique pharetra. Quisque ac libero nec", "post_comentario": 14, "usuario_comentario": 1, "data_comentario": "2021-04-09T21:25:30Z", "publicado_comentario": true}}, {"model": "comentarios.comentario", "pk": 63, "fields": {"nome_comentario": "Vincent House", "email_comentario": "donec@google.edu", "comentario": "interdum. Sed auctor odio a purus. Duis elementum, dui quis accumsan convallis, ante lectus convallis est, vitae sodales nisi magna sed dui. Fusce aliquam,", "post_comentario": 10, "usuario_comentario": 1, "data_comentario": "2021-05-12T10:39:52Z", "publicado_comentario": true}}, {"model": "comentarios.comentario", "pk": 64, "fields": {"nome_comentario": "Kyle Swanson", "email_comentario": "euismod.urna@icloud.couk", "comentario": "risus varius orci, in consequat enim diam vel arcu. Curabitur ut odio vel est tempor bibendum. Donec", "post_comentario": 2, "usuario_comentario": 1, "data_comentario": "2021-09-01T08:57:51Z", "publicado_comentario": true}}, {"model": "comentarios.comentario", "pk": 65, "fields": {"nome_comentario": "Anika Kim", "email_comentario": "eu.neque@outlook.ca", "comentario": "Praesent interdum ligula eu enim. Etiam imperdiet dictum magna. Ut tincidunt orci quis lectus. Nullam suscipit, est", "post_comentario": 14, "usuario_comentario": 1, "data_comentario": "2022-10-12T05:48:35Z", "publicado_comentario": true}}, {"model": "comentarios.comentario", "pk": 66, "fields": {"nome_comentario": "Yuri Grant", "email_comentario": "aliquam@google.couk", "comentario": "Donec vitae erat vel pede blandit congue. In scelerisque scelerisque dui. Suspendisse ac metus vitae velit egestas lacinia. Sed congue, elit sed consequat auctor, nunc nulla vulputate", "post_comentario": 15, "usuario_comentario": 1, "data_comentario": "2021-04-03T19:14:45Z", "publicado_comentario": true}}, {"model": "comentarios.comentario", "pk": 67, "fields": {"nome_comentario": "Louis Odom", "email_comentario": "vestibulum.ante@aol.net", "comentario": "pede ac urna. Ut tincidunt vehicula risus. Nulla eget metus eu erat semper rutrum. Fusce dolor quam, elementum at, egestas a, scelerisque sed, sapien. Nunc pulvinar arcu et pede. Nunc", "post_comentario": 12, "usuario_comentario": 1, "data_comentario": "2020-12-05T14:08:36Z", "publicado_comentario": true}}, {"model": "comentarios.comentario", "pk": 68, "fields": {"nome_comentario": "Jonah Delaney", "email_comentario": "suspendisse@google.ca", "comentario": "enim consequat purus. Maecenas libero est, congue a, aliquet vel, vulputate eu, odio. Phasellus at augue id", "post_comentario": 2, "usuario_comentario": 1, "data_comentario": "2021-08-07T02:40:19Z", "publicado_comentario": true}}, {"model": "comentarios.comentario", "pk": 69, "fields": {"nome_comentario": "Kylynn Copeland", "email_comentario": "elit.pede.malesuada@icloud.ca", "comentario": "non dui nec urna suscipit nonummy. Fusce fermentum fermentum arcu. Vestibulum ante ipsum primis in faucibus orci", "post_comentario": 10, "usuario_comentario": 1, "data_comentario": "2022-03-22T01:28:17Z", "publicado_comentario": true}}, {"model": "comentarios.comentario", "pk": 70, "fields": {"nome_comentario": "Marcia Poole", "email_comentario": "quam.vel@hotmail.org", "comentario": "Aenean gravida nunc sed pede. Cum sociis natoque penatibus et magnis dis parturient montes, nascetur ridiculus mus. Proin vel arcu eu odio tristique pharetra. Quisque ac libero nec", "post_comentario": 15, "usuario_comentario": 1, "data_comentario": "2022-10-22T17:34:35Z", "publicado_comentario": false}}, {"model": "comentarios.comentario", "pk": 71, "fields": {"nome_comentario": "Odessa Figueroa", "email_comentario": "diam.luctus.lobortis@aol.net", "comentario": "porta elit, a feugiat tellus lorem eu metus. In lorem. Donec elementum, lorem ut aliquam iaculis, lacus pede sagittis augue, eu tempor erat neque non quam.", "post_comentario": 5, "usuario_comentario": 1, "data_comentario": "2021-04-02T20:58:18Z", "publicado_comentario": true}}, {"model": "comentarios.comentario", "pk": 72, "fields": {"nome_comentario": "Levi Dillard", "email_comentario": "sit.amet@protonmail.com", "comentario": "ligula. Donec luctus aliquet odio. Etiam ligula tortor, dictum eu, placerat eget, venenatis a, magna. Lorem ipsum dolor sit amet, consectetuer adipiscing elit. Etiam laoreet, libero et", "post_comentario": 14, "usuario_comentario": 1, "data_comentario": "2022-05-02T04:02:14Z", "publicado_comentario": true}}, {"model": "comentarios.comentario", "pk": 73, "fields": {"nome_comentario": "Galvin Nguyen", "email_comentario": "dui.semper@yahoo.ca", "comentario": "eu erat semper rutrum. Fusce dolor quam, elementum at, egestas a, scelerisque sed, sapien. Nunc pulvinar arcu et pede. Nunc sed orci lobortis augue scelerisque mollis.", "post_comentario": 17, "usuario_comentario": 1, "data_comentario": "2021-08-24T02:45:48Z", "publicado_comentario": false}}, {"model": "comentarios.comentario", "pk": 74, "fields": {"nome_comentario": "Aline Rush", "email_comentario": "nisi@aol.ca", "comentario": "sed pede nec ante blandit viverra. Donec tempus, lorem fringilla ornare placerat, orci lacus vestibulum lorem, sit amet ultricies sem magna nec quam. Curabitur vel lectus. Cum", "post_comentario": 1, "usuario_comentario": 1, "data_comentario": "2021-06-03T06:02:38Z", "publicado_comentario": true}}, {"model": "comentarios.comentario", "pk": 75, "fields": {"nome_comentario": "Kevin Dunlap", "email_comentario": "integer.sem.elit@yahoo.com", "comentario": "risus varius orci, in consequat enim diam vel arcu. Curabitur ut odio vel est tempor bibendum. Donec felis orci, adipiscing non, luctus sit amet, faucibus", "post_comentario": 3, "usuario_comentario": 1, "data_comentario": "2021-09-14T10:46:55Z", "publicado_comentario": false}}, {"model": "comentarios.comentario", "pk": 76, "fields": {"nome_comentario": "Macon Elliott", "email_comentario": "tempor.arcu.vestibulum@outlook.org", "comentario": "Donec est. Nunc ullamcorper, velit in aliquet lobortis, nisi nibh lacinia orci, consectetuer euismod est arcu ac orci. Ut semper", "post_comentario": 11, "usuario_comentario": 1, "data_comentario": "2022-08-21T23:35:57Z", "publicado_comentario": true}}, {"model": "comentarios.comentario", "pk": 77, "fields": {"nome_comentario": "Octavia White", "email_comentario": "tempus.eu.ligula@google.net", "comentario": "felis. Donec tempor, est ac mattis semper, dui lectus rutrum urna, nec luctus felis purus ac tellus. Suspendisse sed dolor. Fusce mi lorem, vehicula et, rutrum eu,", "post_comentario": 2, "usuario_comentario": 1, "data_comentario": "2021-11-24T16:05:21Z", "publicado_comentario": false}}, {"model": "comentarios.comentario", "pk": 78, "fields": {"nome_comentario": "Aiko Woodard", "email_comentario": "ipsum.dolor@aol.net", "comentario": "Curae Donec tincidunt. Donec vitae erat vel pede blandit congue. In scelerisque scelerisque dui. Suspendisse", "post_comentario": 17, "usuario_comentario": 1, "data_comentario": "2022-03-11T05:30:41Z", "publicado_comentario": true}}, {"model": "comentarios.comentario", "pk": 79, "fields": {"nome_comentario": "Bradley Lowe", "email_comentario": "quis.pede@hotmail.couk", "comentario": "eu arcu. Morbi sit amet massa. Quisque porttitor eros nec tellus. Nunc lectus pede, ultrices a, auctor non, feugiat", "post_comentario": 17, "usuario_comentario": 1, "data_comentario": "2021-11-25T00:01:51Z", "publicado_comentario": true}}, {"model": "comentarios.comentario", "pk": 80, "fields": {"nome_comentario": "Shafira Kinney", "email_comentario": "nulla.at@aol.com", "comentario": "sit amet ornare lectus justo eu arcu. Morbi sit amet massa. Quisque porttitor eros nec", "post_comentario": 9, "usuario_comentario": 1, "data_comentario": "2021-01-06T12:33:09Z", "publicado_comentario": true}}, {"model": "comentarios.comentario", "pk": 81, "fields": {"nome_comentario": "Noelani Hart", "email_comentario": "tempor.diam@aol.org", "comentario": "convallis dolor. Quisque tincidunt pede ac urna. Ut tincidunt vehicula risus. Nulla eget metus eu erat semper rutrum. Fusce dolor quam, elementum at,", "post_comentario": 1, "usuario_comentario": 1, "data_comentario": "2022-02-23T17:29:07Z", "publicado_comentario": false}}, {"model": "comentarios.comentario", "pk": 82, "fields": {"nome_comentario": "Mara Moore", "email_comentario": "vitae@google.org", "comentario": "sagittis. Duis gravida. Praesent eu nulla at sem molestie sodales. Mauris blandit enim consequat purus. Maecenas libero est, congue a, aliquet vel, vulputate eu, odio. Phasellus at augue", "post_comentario": 13, "usuario_comentario": 1, "data_comentario": "2022-06-05T02:12:34Z", "publicado_comentario": true}}, {"model": "comentarios.comentario", "pk": 83, "fields": {"nome_comentario": "Clio Villarreal", "email_comentario": "cursus.in@yahoo.net", "comentario": "ornare, facilisis eget, ipsum. Donec sollicitudin adipiscing ligula. Aenean gravida nunc sed pede. Cum sociis natoque penatibus", "post_comentario": 16, "usuario_comentario": 1, "data_comentario": "2022-01-12T04:48:00Z", "publicado_comentario": false}}, {"model": "comentarios.comentario", "pk": 84, "fields": {"nome_comentario": "Vaughan Erickson", "email_comentario": "libero.morbi@aol.net", "comentario": "a, magna. Lorem ipsum dolor sit amet, consectetuer adipiscing elit. Etiam laoreet, libero et tristique pellentesque, tellus sem mollis dui, in sodales elit erat vitae", "post_comentario": 12, "usuario_comentario": 1, "data_comentario": "2022-08-18T15:59:17Z", "publicado_comentario": false}}, {"model": "comentarios.comentario", "pk": 85, "fields": {"nome_comentario": "Kyla Willis", "email_comentario": "mauris@yahoo.net", "comentario": "pede. Nunc sed orci lobortis augue scelerisque mollis. Phasellus libero mauris, aliquam eu, accumsan sed, facilisis vitae, orci. Phasellus dapibus", "post_comentario": 8, "usuario_comentario": 1, "data_comentario": "2021-07-05T04:30:05Z", "publicado_comentario": true}}, {"model": "comentarios.comentario", "pk": 86, "fields": {"nome_comentario": "Nadine Dickerson", "email_comentario": "fusce@yahoo.edu", "comentario": "nascetur ridiculus mus. Proin vel arcu eu odio tristique pharetra. Quisque ac libero nec ligula consectetuer rhoncus. Nullam velit dui,", "post_comentario": 20, "usuario_comentario": 1, "data_comentario": "2021-10-25T01:26:37Z", "publicado_comentario": true}}, {"model": "comentarios.comentario", "pk": 87, "fields": {"nome_comentario": "Barry Day", "email_comentario": "libero.morbi@hotmail.ca", "comentario": "in felis. Nulla tempor augue ac ipsum. Phasellus vitae mauris sit amet lorem semper auctor. Mauris vel turpis. Aliquam", "post_comentario": 17, "usuario_comentario": 1, "data_comentario": "2022-04-19T09:30:31Z", "publicado_comentario": false}}, {"model": "comentarios.comentario", "pk": 88, "fields": {"nome_comentario": "Violet Webb", "email_comentario": "eu.turpis.nulla@protonmail.couk", "comentario": "ullamcorper, nisl arcu iaculis enim, sit amet ornare lectus justo eu arcu. Morbi sit amet massa. Quisque porttitor eros nec tellus. Nunc lectus pede, ultrices a, auctor non, feugiat", "post_comentario": 6, "usuario_comentario": 1, "data_comentario": "2022-11-06T08:22:36Z", "publicado_comentario": false}}, {"model": "comentarios.comentario", "pk": 89, "fields": {"nome_comentario": "Driscoll Gonzalez", "email_comentario": "dui.nec@icloud.edu", "comentario": "nec metus facilisis lorem tristique aliquet. Phasellus fermentum convallis ligula. Donec luctus aliquet odio. Etiam ligula tortor, dictum eu, placerat eget, venenatis a, magna. Lorem ipsum", "post_comentario": 13, "usuario_comentario": 1, "data_comentario": "2020-11-29T02:38:45Z", "publicado_comentario": true}}, {"model": "comentarios.comentario", "pk": 90, "fields": {"nome_comentario": "Martena Stanton", "email_comentario": "et.rutrum@protonmail.edu", "comentario": "Donec felis orci, adipiscing non, luctus sit amet, faucibus ut, nulla. Cras eu tellus eu augue porttitor interdum. Sed auctor odio a purus. Duis elementum, dui quis accumsan convallis,", "post_comentario": 12, "usuario_comentario": 1, "data_comentario": "2022-08-16T04:27:20Z", "publicado_comentario": false}}, {"model": "comentarios.comentario", "pk": 91, "fields": {"nome_comentario": "Joan Cochran", "email_comentario": "turpis.nec.mauris@yahoo.org", "comentario": "massa. Vestibulum accumsan neque et nunc. Quisque ornare tortor at risus. Nunc ac sem ut dolor dapibus gravida. Aliquam tincidunt, nunc ac mattis ornare, lectus", "post_comentario": 4, "usuario_comentario": 1, "data_comentario": "2022-10-15T22:29:18Z", "publicado_comentario": false}}, {"model": "comentarios.comentario", "pk": 92, "fields": {"nome_comentario": "Ursula Glenn", "email_comentario": "nulla@hotmail.com", "comentario": "vel, faucibus id, libero. Donec consectetuer mauris id sapien. Cras dolor dolor, tempus non, lacinia", "post_comentario": 10, "usuario_comentario": 1, "data_comentario": "2022-09-28T14:30:13Z", "publicado_comentario": true}}, {"model": "comentarios.comentario", "pk": 93, "fields": {"nome_comentario": "Sonya Stewart", "email_comentario": "volutpat@google.ca", "comentario": "iaculis aliquet diam. Sed diam lorem, auctor quis, tristique ac, eleifend vitae, erat. Vivamus nisi. Mauris nulla. Integer urna. Vivamus", "post_comentario": 19, "usuario_comentario": 1, "data_comentario": "2022-02-19T19:35:31Z", "publicado_comentario": true}}, {"model": "comentarios.comentario", "pk": 94, "fields": {"nome_comentario": "Mason Cummings", "email_comentario": "euismod.enim@hotmail.com", "comentario": "neque venenatis lacus. Etiam bibendum fermentum metus. Aenean sed pede nec ante blandit viverra. Donec tempus, lorem fringilla ornare placerat, orci lacus vestibulum lorem, sit amet ultricies sem", "post_comentario": 6, "usuario_comentario": 1, "data_comentario": "2021-12-19T20:14:29Z", "publicado_comentario": false}}, {"model": "comentarios.comentario", "pk": 95, "fields": {"nome_comentario": "Virginia Ware", "email_comentario": "mollis@google.com", "comentario": "sapien, cursus in, hendrerit consectetuer, cursus et, magna. Praesent interdum ligula eu enim. Etiam imperdiet dictum magna.", "post_comentario": 18, "usuario_comentario": 1, "data_comentario": "2021-06-17T20:49:11Z", "publicado_comentario": true}}, {"model": "comentarios.comentario", "pk": 96, "fields": {"nome_comentario": "Palmer Malone", "email_comentario": "enim.sit.amet@hotmail.edu", "comentario": "justo faucibus lectus, a sollicitudin orci sem eget massa. Suspendisse eleifend. Cras sed leo. Cras vehicula aliquet libero. Integer", "post_comentario": 5, "usuario_comentario": 1, "data_comentario": "2021-06-24T05:58:35Z", "publicado_comentario": true}}, {"model": "comentarios.comentario", "pk": 97, "fields": {"nome_comentario": "Otto Baxter", "email_comentario": "ipsum.suspendisse.sagittis@outlook.ca", "comentario": "Phasellus ornare. Fusce mollis. Duis sit amet diam eu dolor egestas rhoncus. Proin nisl sem, consequat nec, mollis vitae, posuere at, velit. Cras lorem lorem, luctus ut,", "post_comentario": 19, "usuario_comentario": 1, "data_comentario": "2021-05-09T07:04:44Z", "publicado_comentario": true}}, {"model": "comentarios.comentario", "pk": 98, "fields": {"nome_comentario": "Jonah Rodriquez", "email_comentario": "cursus.non@icloud.net", "comentario": "luctus. Curabitur egestas nunc sed libero. Proin sed turpis nec mauris blandit mattis. Cras eget nisi dictum augue malesuada malesuada. Integer id magna et ipsum cursus vestibulum. Mauris", "post_comentario": 3, "usuario_comentario": 1, "data_comentario": "2021-02-13T00:15:52Z", "publicado_comentario": true}}, {"model": "comentarios.comentario", "pk": 99, "fields": {"nome_comentario": "Sopoline Frazier", "email_comentario": "aliquet.sem@google.edu", "comentario": "adipiscing non, luctus sit amet, faucibus ut, nulla. Cras eu tellus eu augue porttitor interdum. Sed auctor odio a purus. Duis elementum, dui quis accumsan convallis, ante lectus convallis", "post_comentario": 16, "usuario_comentario": 1, "data_comentario": "2021-03-16T05:41:42Z", "publicado_comentario": false}}, {"model": "comentarios.comentario", "pk": 100, "fields": {"nome_comentario": "Zeph Hoover", "email_comentario": "molestie.pharetra@icloud.couk", "comentario": "ipsum primis in faucibus orci luctus et ultrices posuere cubilia Curae Donec tincidunt. Donec vitae erat vel", "post_comentario": 9, "usuario_comentario": 1, "data_comentario": "2022-08-17T17:28:34Z", "publicado_comentario": false}}, {"model": "comentarios.comentario", "pk": 101, "fields": {"nome_comentario": "Leonardo", "email_comentario": "email@email.com", "comentario": "Testando", "post_comentario": 21, "usuario_comentario": 1, "data_comentario": "2021-11-29T18:58:22.326Z", "publicado_comentario": false}}, {"model": "comentarios.comentario", "pk": 102, "fields": {"nome_comentario": "Leonardo", "email_comentario": "email@email.com", "comentario": "Muito bom conteúdo! Adorei!", "post_comentario": 19, "usuario_comentario": 1, "data_comentario": "2021-11-29T19:18:33.303Z", "publicado_comentario": true}}, {"model": "admin.logentry", "pk": 1, "fields": {"action_time": "2021-11-27T15:52:50.954Z", "user": 1, "content_type": 7, "object_id": "20", "object_repr": "sodales at, velit. Pellentesque ultricies dignissim lacus.", "action_flag": 2, "change_message": "[]"}}, {"model": "admin.logentry", "pk": 2, "fields": {"action_time": "2021-11-27T20:57:10.505Z", "user": 1, "content_type": 7, "object_id": "1", "object_repr": "aliquet vel, vulputate eu, odio. Phasellus at", "action_flag": 2, "change_message": "[{\"changed\": {\"fields\": [\"Imagem\"]}}]"}}, {"model": "admin.logentry", "pk": 3, "fields": {"action_time": "2021-11-27T20:57:18.916Z", "user": 1, "content_type": 7, "object_id": "2", "object_repr": "congue. In scelerisque scelerisque dui. Suspendisse ac", "action_flag": 2, "change_message": "[{\"changed\": {\"fields\": [\"Imagem\"]}}]"}}, {"model": "admin.logentry", "pk": 4, "fields": {"action_time": "2021-11-27T20:57:26.567Z", "user": 1, "content_type": 7, "object_id": "3", "object_repr": "Curabitur egestas nunc sed libero. Proin sed", "action_flag": 2, "change_message": "[{\"changed\": {\"fields\": [\"Imagem\"]}}]"}}, {"model": "admin.logentry", "pk": 5, "fields": {"action_time": "2021-11-27T20:57:32.924Z", "user": 1, "content_type": 7, "object_id": "4", "object_repr": "arcu. Curabitur ut odio vel est tempor", "action_flag": 2, "change_message": "[{\"changed\": {\"fields\": [\"Imagem\"]}}]"}}, {"model": "admin.logentry", "pk": 6, "fields": {"action_time": "2021-11-27T21:42:52.274Z", "user": 1, "content_type": 7, "object_id": "19", "object_repr": "eget, ipsum. Donec sollicitudin adipiscing ligula. Aenean", "action_flag": 2, "change_message": "[{\"changed\": {\"fields\": [\"Publicado\"]}}]"}}, {"model": "admin.logentry", "pk": 7, "fields": {"action_time": "2021-11-27T21:42:52.285Z", "user": 1, "content_type": 7, "object_id": "14", "object_repr": "vel sapien imperdiet ornare. In faucibus. Morbi", "action_flag": 2, "change_message": "[{\"changed\": {\"fields\": [\"Publicado\"]}}]"}}, {"model": "admin.logentry", "pk": 8, "fields": {"action_time": "2021-11-27T21:42:52.291Z", "user": 1, "content_type": 7, "object_id": "13", "object_repr": "nec, imperdiet nec, leo. Morbi neque tellus,", "action_flag": 2, "change_message": "[{\"changed\": {\"fields\": [\"Publicado\"]}}]"}}, {"model": "admin.logentry", "pk": 9, "fields": {"action_time": "2021-11-27T21:42:52.297Z", "user": 1, "content_type": 7, "object_id": "11", "object_repr": "eu dolor egestas rhoncus. Proin nisl sem,", "action_flag": 2, "change_message": "[{\"changed\": {\"fields\": [\"Publicado\"]}}]"}}, {"model": "admin.logentry", "pk": 10, "fields": {"action_time": "2021-11-27T21:42:52.305Z", "user": 1, "content_type": 7, "object_id": "9", "object_repr": "nascetur ridiculus mus. Proin vel nisl. Quisque", "action_flag": 2, "change_message": "[{\"changed\": {\"fields\": [\"Publicado\"]}}]"}}, {"model": "admin.logentry", "pk": 11, "fields": {"action_time": "2021-11-27T21:42:52.312Z", "user": 1, "content_type": 7, "object_id": "6", "object_repr": "magna. Sed eu eros. Nam consequat dolor", "action_flag": 2, "change_message": "[{\"changed\": {\"fields\": [\"Publicado\"]}}]"}}, {"model": "admin.logentry", "pk": 12, "fields": {"action_time": "2021-11-27T21:42:52.318Z", "user": 1, "content_type": 7, "object_id": "3", "object_repr": "Curabitur egestas nunc sed libero. Proin sed", "action_flag": 2, "change_message": "[{\"changed\": {\"fields\": [\"Publicado\"]}}]"}}, {"model": "admin.logentry", "pk": 13, "fields": {"action_time": "2021-11-27T21:43:35.286Z", "user": 1, "content_type": 7, "object_id": "4", "object_repr": "arcu. Curabitur ut odio vel est tempor", "action_flag": 2, "change_message": "[]"}}, {"model": "admin.logentry", "pk": 14, "fields": {"action_time": "2021-11-27T23:46:23.703Z", "user": 1, "content_type": 9, "object_id": "42", "object_repr": "Sarah Rice", "action_flag": 2, "change_message": "[{\"changed\": {\"fields\": [\"Publicado\"]}}]"}}, {"model": "admin.logentry", "pk": 15, "fields": {"action_time": "2021-11-28T21:42:12.281Z", "user": 1, "content_type": 7, "object_id": "20", "object_repr": "sodales at, velit. Pellentesque ultricies dignissim lacus.", "action_flag": 2, "change_message": "[{\"changed\": {\"fields\": [\"Publicado\"]}}]"}}, {"model": "admin.logentry", "pk": 16, "fields": {"action_time": "2021-11-28T21:42:12.293Z", "user": 1, "content_type": 7, "object_id": "19", "object_repr": "eget, ipsum. Donec sollicitudin adipiscing ligula. Aenean", "action_flag": 2, "change_message": "[{\"changed\": {\"fields\": [\"Publicado\"]}}]"}}, {"model": "admin.logentry", "pk": 17, "fields": {"action_time": "2021-11-28T21:42:12.304Z", "user": 1, "content_type": 7, "object_id": "18", "object_repr": "Cras lorem lorem, luctus ut, pellentesque eget,", "action_flag": 2, "change_message": "[{\"changed\": {\"fields\": [\"Publicado\"]}}]"}}, {"model": "admin.logentry", "pk": 18, "fields": {"action_time": "2021-11-28T21:42:12.322Z", "user": 1, "content_type": 7, "object_id": "17", "object_repr": "Donec tincidunt. Donec vitae erat vel pede", "action_flag": 2, "change_message": "[{\"changed\": {\"fields\": [\"Publicado\"]}}]"}}, {"model": "admin.logentry", "pk": 19, "fields": {"action_time": "2021-11-28T21:42:12.333Z", "user": 1, "content_type": 7, "object_id": "16", "object_repr": "at lacus. Quisque purus sapien, gravida non,", "action_flag": 2, "change_message": "[{\"changed\": {\"fields\": [\"Publicado\"]}}]"}}, {"model": "admin.logentry", "pk": 20, "fields": {"action_time": "2021-11-28T21:42:12.344Z", "user": 1, "content_type": 7, "object_id": "15", "object_repr": "enim. Sed nulla ante, iaculis nec, eleifend", "action_flag": 2, "change_message": "[{\"changed\": {\"fields\": [\"Publicado\"]}}]"}}, {"model": "admin.logentry", "pk": 21, "fields": {"action_time": "2021-11-28T21:42:12.354Z", "user": 1, "content_type": 7, "object_id": "14", "object_repr": "vel sapien imperdiet ornare. In faucibus. Morbi", "action_flag": 2, "change_message": "[{\"changed\": {\"fields\": [\"Publicado\"]}}]"}}, {"model": "admin.logentry", "pk": 22, "fields": {"action_time": "2021-11-28T21:42:12.365Z", "user": 1, "content_type": 7, "object_id": "13", "object_repr": "nec, imperdiet nec, leo. Morbi neque tellus,", "action_flag": 2, "change_message": "[{\"changed\": {\"fields\": [\"Publicado\"]}}]"}}, {"model": "admin.logentry", "pk": 23, "fields": {"action_time": "2021-11-28T21:42:12.375Z", "user": 1, "content_type": 7, "object_id": "12", "object_repr": "Nam tempor diam dictum sapien. Aenean massa.", "action_flag": 2, "change_message": "[{\"changed\": {\"fields\": [\"Publicado\"]}}]"}}, {"model": "admin.logentry", "pk": 24, "fields": {"action_time": "2021-11-28T21:42:12.386Z", "user": 1, "content_type": 7, "object_id": "11", "object_repr": "eu dolor egestas rhoncus. Proin nisl sem,", "action_flag": 2, "change_message": "[{\"changed\": {\"fields\": [\"Publicado\"]}}]"}}, {"model": "admin.logentry", "pk": 25, "fields": {"action_time": "2021-11-28T21:42:12.396Z", "user": 1, "content_type": 7, "object_id": "10", "object_repr": "arcu. Vestibulum ante ipsum primis in faucibus", "action_flag": 2, "change_message": "[{\"changed\": {\"fields\": [\"Publicado\"]}}]"}}, {"model": "admin.logentry", "pk": 26, "fields": {"action_time": "2021-11-28T21:42:12.407Z", "user": 1, "content_type": 7, "object_id": "9", "object_repr": "nascetur ridiculus mus. Proin vel nisl. Quisque", "action_flag": 2, "change_message": "[{\"changed\": {\"fields\": [\"Publicado\"]}}]"}}, {"model": "admin.logentry", "pk": 27, "fields": {"action_time": "2021-11-28T21:42:12.420Z", "user": 1, "content_type": 7, "object_id": "8", "object_repr": "nibh vulputate mauris sagittis placerat. Cras dictum", "action_flag": 2, "change_message": "[{\"changed\": {\"fields\": [\"Publicado\"]}}]"}}, {"model": "admin.logentry", "pk": 28, "fields": {"action_time": "2021-11-28T21:42:12.430Z", "user": 1, "content_type": 7, "object_id": "7", "object_repr": "ante. Maecenas mi felis, adipiscing fringilla, porttitor", "action_flag": 2, "change_message": "[{\"changed\": {\"fields\": [\"Publicado\"]}}]"}}, {"model": "admin.logentry", "pk": 29, "fields": {"action_time": "2021-11-28T21:42:12.443Z", "user": 1, "content_type": 7, "object_id": "6", "object_repr": "magna. Sed eu eros. Nam consequat dolor", "action_flag": 2, "change_message": "[{\"changed\": {\"fields\": [\"Publicado\"]}}]"}}, {"model": "admin.logentry", "pk": 30, "fields": {"action_time": "2021-11-28T21:42:12.455Z", "user": 1, "content_type": 7, "object_id": "5", "object_repr": "enim. Sed nulla ante, iaculis nec, eleifend", "action_flag": 2, "change_message": "[{\"changed\": {\"fields\": [\"Publicado\"]}}]"}}, {"model": "admin.logentry", "pk": 31, "fields": {"action_time": "2021-11-28T21:56:57.143Z", "user": 1, "content_type": 7, "object_id": "21", "object_repr": "Nunca Saberemos se Deu Certo", "action_flag": 1, "change_message": "[{\"added\": {}}]"}}, {"model": "admin.logentry", "pk": 32, "fields": {"action_time": "2021-11-29T19:14:40.304Z", "user": 1, "content_type": 9, "object_id": "101", "object_repr": "Leonardo", "action_flag": 2, "change_message": "[{\"changed\": {\"fields\": [\"Publicado\"]}}]"}}, {"model": "admin.logentry", "pk": 33, "fields": {"action_time": "2021-11-29T19:14:40.311Z", "user": 1, "content_type": 9, "object_id": "100", "object_repr": "Zeph Hoover", "action_flag": 2, "change_message": "[{\"changed\": {\"fields\": [\"Publicado\"]}}]"}}, {"model": "auth.user", "pk": 1, "fields": {"password": "pbkdf2_sha256$260000$eYKp18upM66Cp6sZxB7NwQ$+7i9TmUYS13V3ekdsKVArEulD3rG6Z8lXI1/TRfTMQE=", "last_login": "2021-11-26T20:05:30.857Z", "is_superuser": true, "username": "leonardo", "first_name": "", "last_name": "", "email": "leogusalles@hotmail.com", "is_staff": true, "is_active": true, "date_joined": "2021-11-26T20:04:53.613Z", "groups": [], "user_permissions": []}}, {"model": "sessions.session", "pk": "chn4ko6srzz6d53xj10qdyuk977lxguj", "fields": {"session_data": ".eJxVjEEOwiAQRe_C2hChMKBL9z0DGYZBqgaS0q6Md7dNutDtf-_9twi4LiWsnecwJXEVSpx-t4j05LqD9MB6b5JaXeYpyl2RB-1ybIlft8P9OyjYy1ajJ5NQg2OKjhVYMto59opx8AYAYnaUN-qzN8T2onEAYwagdM7Wovh8AfgyOEs:1mqhTO:kjVJH6-skfm3PcerNMXpphPnnw6kUZzYreBKB9_mQ2k", "expire_date": "2021-12-10T20:05:30.865Z"}}]